X,CH1,CH2,CH3,Start,Increment,
Sequence,Volt,Volt,Volt,-1.198000e+00,2.000000e-03
0,-8.00e-03,-4.80e-02,8.00e+00,
1,-4.00e-02,-8.00e-02,1.00e+01,
2,-4.80e-02,-4.80e-02,8.00e+00,
3,-8.00e-03,-8.80e-02,1.20e+01,
4,-1.60e-02,-4.80e-02,1.20e+01,
5,-4.80e-02,-1.04e-01,8.00e+00,
6,-1.60e-02,-5.60e-02,1.20e+01,
7,-5.60e-02,-8.80e-02,1.00e+01,
8,-4.80e-02,-8.80e-02,1.00e+01,
9,-1.60e-02,-4.80e-02,1.20e+01,
10,-1.60e-02,-8.80e-02,1.00e+01,
11,-5.60e-02,-4.00e-02,1.40e+01,
12,-5.60e-02,-8.80e-02,1.00e+01,
13,-8.00e-03,-4.80e-02,1.40e+01,
14,-5.60e-02,-8.80e-02,1.40e+01,
15,-2.40e-02,-4.80e-02,1.20e+01,
16,-2.40e-02,-8.00e-02,1.40e+01,
17,-6.40e-02,-4.80e-02,1.20e+01,
18,-2.40e-02,-8.00e-02,1.40e+01,
19,-7.20e-02,-4.80e-02,1.20e+01,
20,-3.20e-02,-4.00e-02,1.40e+01,
21,-7.20e-02,-8.00e-02,1.20e+01,
22,-8.00e-03,-4.00e-02,1.20e+01,
23,-7.20e-02,-8.80e-02,1.40e+01,
24,-7.20e-02,-7.20e-02,1.40e+01,
25,-1.60e-02,-2.40e-02,1.20e+01,
26,-2.40e-02,-3.20e-02,1.40e+01,
27,-7.20e-02,-7.20e-02,1.20e+01,
28,-3.20e-02,-3.20e-02,1.40e+01,
29,-7.20e-02,-6.40e-02,1.20e+01,
30,-3.20e-02,-3.20e-02,1.40e+01,
31,-8.00e-02,-6.40e-02,1.00e+01,
32,-3.20e-02,-5.60e-02,1.40e+01,
33,-8.00e-02,-2.40e-02,1.00e+01,
34,-8.00e-02,-5.60e-02,1.00e+01,
35,-3.20e-02,-8.00e-03,1.20e+01,
36,-8.00e-02,-4.80e-02,1.20e+01,
37,-3.20e-02,-8.00e-03,8.00e+00,
38,-8.00e-02,-4.80e-02,8.00e+00,
39,-3.20e-02,0.00e+00,1.20e+01,
40,-8.00e-02,0.00e+00,8.00e+00,
41,-3.20e-02,-4.00e-02,1.00e+01,
42,-3.20e-02,-3.20e-02,1.00e+01,
43,-8.00e-02,8.00e-03,6.00e+00,
44,-7.20e-02,-1.60e-02,6.00e+00,
45,-2.40e-02,1.60e-02,1.00e+01,
46,-3.20e-02,-8.00e-03,8.00e+00,
47,-7.20e-02,2.40e-02,2.00e+00,
48,-3.20e-02,-8.00e-03,8.00e+00,
49,-8.00e-02,2.40e-02,4.00e+00,
50,-3.20e-02,3.20e-02,4.00e+00,
51,-7.20e-02,0.00e+00,0.00e+00,
52,-2.40e-02,4.80e-02,0.00e+00,
53,-6.40e-02,8.00e-03,4.00e+00,
54,-7.20e-02,1.60e-02,2.00e+00,
55,-2.40e-02,5.60e-02,-2.00e+00,
56,-2.40e-02,2.40e-02,2.00e+00,
57,-6.40e-02,5.60e-02,-2.00e+00,
58,-5.60e-02,5.60e-02,0.00e+00,
59,-1.60e-02,2.40e-02,-4.00e+00,
60,-1.60e-02,3.20e-02,-4.00e+00,
61,-5.60e-02,5.60e-02,-2.00e+00,
62,-5.60e-02,3.20e-02,-2.00e+00,
63,0.00e+00,6.40e-02,-6.00e+00,
64,0.00e+00,4.00e-02,-6.00e+00,
65,-4.00e-02,7.20e-02,-4.00e+00,
66,-3.20e-02,8.80e-02,-4.00e+00,
67,8.00e-03,4.80e-02,-1.00e+01,
68,-3.20e-02,4.80e-02,-8.00e+00,
69,1.60e-02,7.20e-02,-1.20e+01,
70,-2.40e-02,4.00e-02,-8.00e+00,
71,2.40e-02,8.00e-02,-1.20e+01,
72,-8.00e-03,9.60e-02,-1.00e+01,
73,3.20e-02,4.80e-02,-1.20e+01,
74,3.20e-02,8.80e-02,-1.00e+01,
75,-1.60e-02,4.80e-02,-1.40e+01,
76,0.00e+00,8.80e-02,-1.40e+01,
77,4.80e-02,4.80e-02,-1.20e+01,
78,8.00e-03,4.80e-02,-1.20e+01,
79,4.80e-02,8.80e-02,-1.60e+01,
80,5.60e-02,4.80e-02,-1.20e+01,
81,8.00e-03,8.80e-02,-1.60e+01,
82,5.60e-02,9.60e-02,-1.60e+01,
83,1.60e-02,5.60e-02,-1.40e+01,
84,6.40e-02,4.00e-02,-1.40e+01,
85,1.60e-02,8.80e-02,-1.80e+01,
86,6.40e-02,4.80e-02,-1.80e+01,
87,3.20e-02,8.80e-02,-1.40e+01,
88,8.00e-02,8.00e-02,-1.80e+01,
89,2.40e-02,4.80e-02,-1.80e+01,
90,3.20e-02,8.00e-02,-1.80e+01,
91,7.20e-02,4.00e-02,-1.80e+01,
92,3.20e-02,8.00e-02,-1.80e+01,
93,8.00e-02,3.20e-02,-1.80e+01,
94,4.00e-02,7.20e-02,-1.80e+01,
95,8.00e-02,4.00e-02,-1.80e+01,
96,8.00e-02,6.40e-02,-1.80e+01,
97,4.00e-02,3.20e-02,-1.80e+01,
98,8.80e-02,3.20e-02,-1.80e+01,
99,3.20e-02,6.40e-02,-1.80e+01,
100,3.20e-02,2.40e-02,-1.80e+01,
101,8.80e-02,6.40e-02,-1.80e+01,
102,4.00e-02,5.60e-02,-1.80e+01,
103,8.00e-02,1.60e-02,-1.80e+01,
104,4.00e-02,5.60e-02,-1.80e+01,
105,7.20e-02,1.60e-02,-1.40e+01,
106,7.20e-02,4.80e-02,-1.40e+01,
107,4.00e-02,8.00e-03,-1.80e+01,
108,4.00e-02,4.80e-02,-1.60e+01,
109,8.00e-02,8.00e-03,-1.40e+01,
110,8.80e-02,4.80e-02,-1.60e+01,
111,3.20e-02,0.00e+00,-1.40e+01,
112,3.20e-02,2.40e-02,-1.60e+01,
113,7.20e-02,-8.00e-03,-1.20e+01,
114,6.40e-02,2.40e-02,-1.60e+01,
115,2.40e-02,-8.00e-03,-1.20e+01,
116,6.40e-02,1.60e-02,-1.40e+01,
117,1.60e-02,-1.60e-02,-1.20e+01,
118,5.60e-02,1.60e-02,-1.00e+01,
119,1.60e-02,-1.60e-02,-1.40e+01,
120,1.60e-02,-2.40e-02,-1.20e+01,
121,5.60e-02,8.00e-03,-1.00e+01,
122,4.80e-02,8.00e-03,-1.20e+01,
123,8.00e-03,-4.00e-02,-8.00e+00,
124,8.00e-03,-3.20e-02,-8.00e+00,
125,4.80e-02,8.00e-03,-1.00e+01,
126,8.00e-03,-1.60e-02,-1.00e+01,
127,4.80e-02,-4.00e-02,-4.00e+00,
128,3.20e-02,-8.00e-03,-6.00e+00,
129,0.00e+00,-4.80e-02,-4.00e+00,
130,3.20e-02,-4.80e-02,-6.00e+00,
131,0.00e+00,0.00e+00,-2.00e+00,
132,-8.00e-03,-2.40e-02,-4.00e+00,
133,4.00e-02,-5.60e-02,0.00e+00,
134,2.40e-02,-2.40e-02,0.00e+00,
135,-8.00e-03,-6.40e-02,-4.00e+00,
136,2.40e-02,-3.20e-02,-2.00e+00,
137,-1.60e-02,-6.40e-02,2.00e+00,
138,2.40e-02,-3.20e-02,-2.00e+00,
139,-2.40e-02,-6.40e-02,2.00e+00,
140,-1.60e-02,-6.40e-02,0.00e+00,
141,1.60e-02,-3.20e-02,4.00e+00,
142,8.00e-03,-7.20e-02,4.00e+00,
143,-3.20e-02,-3.20e-02,0.00e+00,
144,8.00e-03,-7.20e-02,2.00e+00,
145,-3.20e-02,-4.00e-02,8.00e+00,
146,-3.20e-02,-4.00e-02,6.00e+00,
147,1.60e-02,-8.80e-02,8.00e+00,
148,-4.00e-02,-8.00e-02,6.00e+00,
149,0.00e+00,-4.00e-02,1.00e+01,
150,0.00e+00,-4.00e-02,6.00e+00,
151,-4.00e-02,-8.80e-02,1.00e+01,
152,-5.60e-02,-8.80e-02,8.00e+00,
153,1.60e-02,-4.80e-02,1.00e+01,
154,-1.60e-02,-4.80e-02,8.00e+00,
155,-4.80e-02,-8.80e-02,1.20e+01,
156,-4.80e-02,-4.80e-02,1.20e+01,
157,-1.60e-02,-8.80e-02,1.00e+01,
158,-1.60e-02,-4.80e-02,1.20e+01,
159,-4.80e-02,-8.80e-02,1.00e+01,
160,-5.60e-02,-4.80e-02,1.00e+01,
161,-1.60e-02,-9.60e-02,1.40e+01,
162,-6.40e-02,-4.00e-02,1.00e+01,
163,-1.60e-02,-9.60e-02,1.40e+01,
164,-2.40e-02,-8.80e-02,1.40e+01,
165,-6.40e-02,-4.00e-02,1.20e+01,
166,-2.40e-02,-8.80e-02,1.40e+01,
167,-5.60e-02,-4.80e-02,1.20e+01,
168,-2.40e-02,-4.80e-02,1.40e+01,
169,-7.20e-02,-8.80e-02,1.20e+01,
170,-2.40e-02,-4.80e-02,1.40e+01,
171,-7.20e-02,-8.80e-02,1.20e+01,
172,-3.20e-02,-9.60e-02,1.40e+01,
173,-8.00e-02,-4.00e-02,1.20e+01,
174,-3.20e-02,-4.00e-02,1.40e+01,
175,-7.20e-02,-7.20e-02,1.20e+01,
176,-3.20e-02,-7.20e-02,1.40e+01,
177,-7.20e-02,-3.20e-02,1.20e+01,
178,-3.20e-02,-7.20e-02,1.40e+01,
179,-8.00e-02,-2.40e-02,1.20e+01,
180,-8.00e-02,-6.40e-02,1.40e+01,
181,-3.20e-02,-2.40e-02,1.00e+01,
182,-3.20e-02,-2.40e-02,1.40e+01,
183,-8.00e-02,-6.40e-02,1.00e+01,
184,-7.20e-02,-5.60e-02,1.00e+01,
185,-3.20e-02,-8.00e-03,1.20e+01,
186,-7.20e-02,-4.80e-02,1.20e+01,
187,-3.20e-02,0.00e+00,1.00e+01,
188,-8.00e-02,-4.80e-02,1.20e+01,
189,-3.20e-02,0.00e+00,8.00e+00,
190,-8.00e-02,-3.20e-02,1.00e+01,
191,-3.20e-02,0.00e+00,8.00e+00,
192,-8.00e-02,8.00e-03,1.00e+01,
193,-4.00e-02,-2.40e-02,6.00e+00,
194,-7.20e-02,1.60e-02,6.00e+00,
195,-3.20e-02,-2.40e-02,1.00e+01,
196,-3.20e-02,-1.60e-02,8.00e+00,
197,-8.00e-02,2.40e-02,2.00e+00,
198,-3.20e-02,-8.00e-03,4.00e+00,
199,-7.20e-02,2.40e-02,8.00e+00,
200,-7.20e-02,0.00e+00,4.00e+00,
201,-3.20e-02,4.00e-02,0.00e+00,
202,-8.00e-02,0.00e+00,0.00e+00,
203,-1.60e-02,4.80e-02,4.00e+00,
204,-2.40e-02,0.00e+00,2.00e+00,
205,-8.00e-02,5.60e-02,-2.00e+00,
206,-5.60e-02,2.40e-02,2.00e+00,
207,0.00e+00,6.40e-02,-2.00e+00,
208,-5.60e-02,2.40e-02,0.00e+00,
209,-1.60e-02,6.40e-02,-4.00e+00,
210,-4.80e-02,3.20e-02,-2.00e+00,
211,-8.00e-03,6.40e-02,-4.00e+00,
212,-4.80e-02,3.20e-02,-2.00e+00,
213,-8.00e-03,7.20e-02,-6.00e+00,
214,-4.00e-02,4.00e-02,-6.00e+00,
215,8.00e-03,7.20e-02,-4.00e+00,
216,-4.80e-02,4.00e-02,-4.00e+00,
217,8.00e-03,7.20e-02,-1.00e+01,
218,-3.20e-02,4.00e-02,-8.00e+00,
219,1.60e-02,8.80e-02,-1.00e+01,
220,-1.60e-02,8.80e-02,-1.20e+01,
221,1.60e-02,4.00e-02,-8.00e+00,
222,2.40e-02,4.80e-02,-1.00e+01,
223,-1.60e-02,8.80e-02,-1.20e+01,
224,-8.00e-03,4.80e-02,-1.00e+01,
225,4.00e-02,8.80e-02,-1.40e+01,
226,0.00e+00,4.80e-02,-1.20e+01,
227,3.20e-02,9.60e-02,-1.40e+01,
228,0.00e+00,9.60e-02,-1.20e+01,
229,4.80e-02,4.00e-02,-1.60e+01,
230,8.00e-03,4.80e-02,-1.60e+01,
231,5.60e-02,9.60e-02,-1.20e+01,
232,1.60e-02,8.80e-02,-1.40e+01,
233,6.40e-02,4.80e-02,-1.60e+01,
234,6.40e-02,8.80e-02,-1.40e+01,
235,2.40e-02,4.00e-02,-1.80e+01,
236,3.20e-02,4.80e-02,-1.80e+01,
237,7.20e-02,8.80e-02,-1.40e+01,
238,3.20e-02,8.00e-02,-1.40e+01,
239,7.20e-02,4.80e-02,-1.80e+01,
240,3.20e-02,4.80e-02,-1.80e+01,
241,7.20e-02,8.80e-02,-1.80e+01,
242,8.00e-02,4.00e-02,-1.80e+01,
243,3.20e-02,8.80e-02,-1.80e+01,
244,4.00e-02,4.00e-02,-1.80e+01,
245,8.00e-02,8.80e-02,-1.80e+01,
246,7.20e-02,8.80e-02,-1.80e+01,
247,4.00e-02,2.40e-02,-1.80e+01,
248,4.00e-02,7.20e-02,-1.80e+01,
249,8.00e-02,3.20e-02,-1.80e+01,
250,3.20e-02,6.40e-02,-1.80e+01,
251,8.00e-02,3.20e-02,-1.80e+01,
252,4.00e-02,6.40e-02,-1.80e+01,
253,8.00e-02,2.40e-02,-1.80e+01,
254,4.00e-02,5.60e-02,-1.80e+01,
255,8.00e-02,1.60e-02,-1.40e+01,
256,8.80e-02,6.40e-02,-1.40e+01,
257,3.20e-02,0.00e+00,-1.80e+01,
258,7.20e-02,8.00e-03,-1.80e+01,
259,3.20e-02,5.60e-02,-1.40e+01,
260,7.20e-02,4.00e-02,-1.60e+01,
261,2.40e-02,0.00e+00,-1.40e+01,
262,7.20e-02,4.00e-02,-1.60e+01,
263,2.40e-02,-8.00e-03,-1.20e+01,
264,6.40e-02,2.40e-02,-1.60e+01,
265,1.60e-02,-8.00e-03,-1.20e+01,
266,8.00e-03,2.40e-02,-1.40e+01,
267,6.40e-02,-1.60e-02,-1.20e+01,
268,6.40e-02,1.60e-02,-1.40e+01,
269,1.60e-02,-1.60e-02,-1.00e+01,
270,4.80e-02,-1.60e-02,-1.00e+01,
271,8.00e-03,1.60e-02,-1.20e+01,
272,5.60e-02,8.00e-03,-1.20e+01,
273,8.00e-03,-2.40e-02,-8.00e+00,
274,4.80e-02,-3.20e-02,-8.00e+00,
275,8.00e-03,0.00e+00,-1.00e+01,
276,4.80e-02,0.00e+00,-1.00e+01,
277,-8.00e-03,-4.00e-02,-4.00e+00,
278,4.00e-02,0.00e+00,-6.00e+00,
279,0.00e+00,-4.80e-02,-4.00e+00,
280,0.00e+00,-4.80e-02,-6.00e+00,
281,4.00e-02,0.00e+00,-2.00e+00,
282,3.20e-02,-1.60e-02,-4.00e+00,
283,-8.00e-03,-5.60e-02,-2.00e+00,
284,-8.00e-03,-2.40e-02,-4.00e+00,
285,3.20e-02,-5.60e-02,0.00e+00,
286,2.40e-02,-3.20e-02,-2.00e+00,
287,-1.60e-02,-5.60e-02,2.00e+00,
288,1.60e-02,-3.20e-02,2.00e+00,
289,-1.60e-02,-6.40e-02,-2.00e+00,
290,1.60e-02,-6.40e-02,0.00e+00,
291,-2.40e-02,-3.20e-02,4.00e+00,
292,-3.20e-02,-4.00e-02,2.00e+00,
293,1.60e-02,-7.20e-02,4.00e+00,
294,8.00e-03,-4.00e-02,2.00e+00,
295,-3.20e-02,-8.80e-02,8.00e+00,
296,-3.20e-02,-4.00e-02,4.00e+00,
297,8.00e-03,-7.20e-02,8.00e+00,
298,-4.00e-02,-7.20e-02,6.00e+00,
299,0.00e+00,-4.00e-02,1.00e+01,
300,-4.00e-02,-8.00e-02,6.00e+00,
301,0.00e+00,-4.80e-02,1.00e+01,
302,0.00e+00,-4.80e-02,1.00e+01,
303,-4.80e-02,-8.80e-02,8.00e+00,
304,-4.00e-02,-4.80e-02,8.00e+00,
305,-8.00e-03,-8.00e-02,1.20e+01,
306,-1.60e-02,-4.80e-02,1.20e+01,
307,-4.80e-02,-9.60e-02,1.00e+01,
308,-4.80e-02,-4.80e-02,1.20e+01,
309,-1.60e-02,-8.80e-02,1.00e+01,
310,-5.60e-02,-8.80e-02,1.00e+01,
311,-8.00e-03,-4.80e-02,1.40e+01,
312,-2.40e-02,-4.80e-02,1.40e+01,
313,-5.60e-02,-9.60e-02,1.00e+01,
314,-8.00e-03,-4.80e-02,1.40e+01,
315,-6.40e-02,-8.80e-02,1.20e+01,
316,-2.40e-02,-8.80e-02,1.20e+01,
317,-5.60e-02,-4.80e-02,1.40e+01,
318,-2.40e-02,-8.80e-02,1.40e+01,
319,-6.40e-02,-4.80e-02,1.20e+01,
320,-6.40e-02,-4.80e-02,1.40e+01,
321,-2.40e-02,-8.80e-02,1.20e+01,
322,-7.20e-02,-8.00e-02,1.40e+01,
323,-2.40e-02,-4.00e-02,1.20e+01,
324,-2.40e-02,-7.20e-02,1.40e+01,
325,-8.00e-02,-3.20e-02,1.20e+01,
326,-8.00e-02,-7.20e-02,1.40e+01,
327,-2.40e-02,-3.20e-02,1.20e+01,
328,-6.40e-02,-3.20e-02,1.40e+01,
329,-3.20e-02,-7.20e-02,1.20e+01,
330,-3.20e-02,-3.20e-02,1.40e+01,
331,-8.00e-02,-6.40e-02,1.00e+01,
332,-7.20e-02,-5.60e-02,1.00e+01,
333,-3.20e-02,-1.60e-02,1.40e+01,
334,-7.20e-02,-2.40e-02,1.00e+01,
335,-3.20e-02,-5.60e-02,1.20e+01,
336,-7.20e-02,-4.80e-02,1.20e+01,
337,-3.20e-02,-8.00e-03,1.00e+01,
338,-8.00e-02,-4.80e-02,1.20e+01,
339,-3.20e-02,0.00e+00,8.00e+00,
340,-3.20e-02,-3.20e-02,1.00e+01,
341,-8.00e-02,0.00e+00,8.00e+00,
342,-7.20e-02,-2.40e-02,1.00e+01,
343,-3.20e-02,8.00e-03,6.00e+00,
344,-8.00e-02,-1.60e-02,6.00e+00,
345,-3.20e-02,1.60e-02,1.00e+01,
346,-3.20e-02,-1.60e-02,8.00e+00,
347,-8.00e-02,1.60e-02,4.00e+00,
348,-3.20e-02,-8.00e-03,8.00e+00,
349,-7.20e-02,2.40e-02,2.00e+00,
350,-6.40e-02,2.40e-02,4.00e+00,
351,-3.20e-02,0.00e+00,2.00e+00,
352,-6.40e-02,0.00e+00,4.00e+00,
353,-2.40e-02,4.00e-02,0.00e+00,
354,-7.20e-02,8.00e-03,2.00e+00,
355,-2.40e-02,4.80e-02,-2.00e+00,
356,-5.60e-02,4.80e-02,-2.00e+00,
357,-1.60e-02,8.00e-03,2.00e+00,
358,-5.60e-02,2.40e-02,0.00e+00,
359,-1.60e-02,5.60e-02,-4.00e+00,
360,-5.60e-02,2.40e-02,0.00e+00,
361,-8.00e-03,6.40e-02,-4.00e+00,
362,8.00e-03,7.20e-02,-2.00e+00,
363,-5.60e-02,3.20e-02,-6.00e+00,
364,-4.00e-02,4.00e-02,-6.00e+00,
365,8.00e-03,7.20e-02,-4.00e+00,
366,-3.20e-02,4.00e-02,-4.00e+00,
367,8.00e-03,7.20e-02,-1.00e+01,
368,-3.20e-02,7.20e-02,-8.00e+00,
369,8.00e-03,4.80e-02,-1.00e+01,
370,-3.20e-02,4.00e-02,-8.00e+00,
371,2.40e-02,8.00e-02,-1.20e+01,
372,-1.60e-02,8.80e-02,-1.20e+01,
373,3.20e-02,5.60e-02,-1.00e+01,
374,-8.00e-03,8.80e-02,-1.00e+01,
375,3.20e-02,5.60e-02,-1.40e+01,
376,-8.00e-03,4.80e-02,-1.20e+01,
377,4.00e-02,8.80e-02,-1.40e+01,
378,8.00e-03,8.00e-02,-1.20e+01,
379,4.80e-02,4.00e-02,-1.60e+01,
380,8.00e-03,9.60e-02,-1.60e+01,
381,5.60e-02,5.60e-02,-1.20e+01,
382,6.40e-02,8.80e-02,-1.60e+01,
383,8.00e-03,4.80e-02,-1.40e+01,
384,6.40e-02,8.80e-02,-1.60e+01,
385,1.60e-02,4.80e-02,-1.40e+01,
386,3.20e-02,8.80e-02,-1.80e+01,
387,6.40e-02,4.80e-02,-1.40e+01,
388,3.20e-02,4.80e-02,-1.40e+01,
389,7.20e-02,8.00e-02,-1.80e+01,
390,7.20e-02,8.00e-02,-1.80e+01,
391,3.20e-02,4.00e-02,-1.80e+01,
392,4.00e-02,4.00e-02,-1.80e+01,
393,7.20e-02,8.80e-02,-1.80e+01,
394,7.20e-02,7.20e-02,-1.80e+01,
395,3.20e-02,4.00e-02,-1.80e+01,
396,8.00e-02,7.20e-02,-1.80e+01,
397,4.00e-02,4.00e-02,-1.80e+01,
398,3.20e-02,7.20e-02,-1.80e+01,
399,8.00e-02,3.20e-02,-1.80e+01,
400,8.00e-02,6.40e-02,-1.80e+01,
401,3.20e-02,3.20e-02,-1.80e+01,
402,3.20e-02,6.40e-02,-1.80e+01,
403,8.80e-02,2.40e-02,-1.80e+01,
404,4.00e-02,5.60e-02,-1.80e+01,
405,8.00e-02,1.60e-02,-1.40e+01,
406,7.20e-02,5.60e-02,-1.80e+01,
407,4.00e-02,1.60e-02,-1.40e+01,
408,4.00e-02,8.00e-03,-1.80e+01,
409,7.20e-02,5.60e-02,-1.40e+01,
410,8.00e-02,4.80e-02,-1.60e+01,
411,3.20e-02,0.00e+00,-1.40e+01,
412,1.60e-02,4.00e-02,-1.60e+01,
413,7.20e-02,-8.00e-03,-1.20e+01,
414,6.40e-02,2.40e-02,-1.20e+01,
415,3.20e-02,-8.00e-03,-1.60e+01,
416,2.40e-02,3.20e-02,-1.40e+01,
417,6.40e-02,-8.00e-03,-1.20e+01,
418,6.40e-02,2.40e-02,-1.40e+01,
419,1.60e-02,-1.60e-02,-1.00e+01,
420,1.60e-02,-1.60e-02,-1.20e+01,
421,7.20e-02,1.60e-02,-1.00e+01,
422,1.60e-02,8.00e-03,-1.20e+01,
423,5.60e-02,-2.40e-02,-8.00e+00,
424,8.00e-03,-3.20e-02,-8.00e+00,
425,5.60e-02,1.60e-02,-1.00e+01,
426,0.00e+00,0.00e+00,-1.00e+01,
427,4.80e-02,-4.00e-02,-4.00e+00,
428,8.00e-03,-4.00e-02,-6.00e+00,
429,4.80e-02,0.00e+00,-4.00e+00,
430,3.20e-02,-4.80e-02,-6.00e+00,
431,-8.00e-03,0.00e+00,-2.00e+00,
432,-8.00e-03,-1.60e-02,-4.00e+00,
433,3.20e-02,-5.60e-02,-2.00e+00,
434,3.20e-02,-2.40e-02,-4.00e+00,
435,-8.00e-03,-5.60e-02,0.00e+00,
436,-8.00e-03,-5.60e-02,-2.00e+00,
437,2.40e-02,-3.20e-02,2.00e+00,
438,1.60e-02,-5.60e-02,2.00e+00,
439,-1.60e-02,-3.20e-02,-2.00e+00,
440,2.40e-02,-6.40e-02,0.00e+00,
441,-2.40e-02,-3.20e-02,4.00e+00,
442,1.60e-02,-4.00e-02,4.00e+00,
443,-3.20e-02,-8.00e-02,0.00e+00,
444,1.60e-02,-4.00e-02,2.00e+00,
445,-3.20e-02,-7.20e-02,8.00e+00,
446,8.00e-03,-4.00e-02,2.00e+00,
447,-3.20e-02,-7.20e-02,8.00e+00,
448,-4.80e-02,-8.80e-02,6.00e+00,
449,8.00e-03,-4.00e-02,1.00e+01,
450,-8.00e-03,-8.00e-02,1.00e+01,
451,-4.00e-02,-4.80e-02,6.00e+00,
452,0.00e+00,-4.00e-02,1.00e+01,
453,-4.80e-02,-8.00e-02,8.00e+00,
454,-4.00e-02,-4.80e-02,8.00e+00,
455,-8.00e-03,-8.80e-02,1.20e+01,
456,-1.60e-02,-4.80e-02,1.00e+01,
457,-4.80e-02,-8.80e-02,1.20e+01,
458,-1.60e-02,-8.80e-02,1.20e+01,
459,-4.80e-02,-4.80e-02,1.00e+01,
460,-5.60e-02,-5.60e-02,1.00e+01,
461,-1.60e-02,-8.80e-02,1.40e+01,
462,-8.00e-03,-4.00e-02,1.00e+01,
463,-5.60e-02,-8.80e-02,1.40e+01,
464,-2.40e-02,-4.00e-02,1.40e+01,
465,-5.60e-02,-8.80e-02,1.20e+01,
466,-2.40e-02,-4.80e-02,1.20e+01,
467,-5.60e-02,-8.80e-02,1.40e+01,
468,-7.20e-02,-8.80e-02,1.40e+01,
469,-2.40e-02,-4.80e-02,1.20e+01,
470,-2.40e-02,-8.80e-02,1.20e+01,
471,-6.40e-02,-4.80e-02,1.40e+01,
472,-3.20e-02,-8.80e-02,1.40e+01,
473,-7.20e-02,-4.80e-02,1.20e+01,
474,-2.40e-02,-7.20e-02,1.40e+01,
475,-8.00e-02,-4.00e-02,1.20e+01,
476,-8.00e-02,-8.80e-02,1.40e+01,
477,-2.40e-02,-4.00e-02,1.20e+01,
478,-8.00e-02,-7.20e-02,1.40e+01,
479,-3.20e-02,-3.20e-02,1.20e+01,
480,-3.20e-02,-6.40e-02,1.40e+01,
481,-7.20e-02,-3.20e-02,1.00e+01,
482,-8.00e-02,-5.60e-02,1.00e+01,
483,-2.40e-02,-8.00e-03,1.40e+01,
484,-8.00e-02,-5.60e-02,1.00e+01,
485,-3.20e-02,-1.60e-02,1.40e+01,
486,-8.00e-02,-4.80e-02,1.20e+01,
487,-3.20e-02,-8.00e-03,1.00e+01,
488,-3.20e-02,-5.60e-02,1.20e+01,
489,-8.00e-02,0.00e+00,8.00e+00,
490,-3.20e-02,-4.80e-02,8.00e+00,
491,-8.00e-02,0.00e+00,1.20e+01,
492,-3.20e-02,-4.00e-02,1.00e+01,
493,-8.00e-02,8.00e-03,6.00e+00,
494,-8.00e-02,-2.40e-02,1.00e+01,
495,-3.20e-02,1.60e-02,6.00e+00,
496,-3.20e-02,-1.60e-02,6.00e+00,
497,-7.20e-02,1.60e-02,8.00e+00,
498,-7.20e-02,2.40e-02,2.00e+00,
499,-3.20e-02,-8.00e-03,8.00e+00,
500,-3.20e-02,-8.00e-03,4.00e+00,
501,-7.20e-02,3.20e-02,2.00e+00,
502,-2.40e-02,0.00e+00,4.00e+00,
503,-7.20e-02,4.80e-02,0.00e+00,
504,-6.40e-02,8.00e-03,2.00e+00,
505,-2.40e-02,4.80e-02,-2.00e+00,
506,-5.60e-02,1.60e-02,-2.00e+00,
507,-2.40e-02,5.60e-02,2.00e+00,
508,-2.40e-02,2.40e-02,0.00e+00,
509,-5.60e-02,6.40e-02,-4.00e+00,
510,-4.80e-02,2.40e-02,0.00e+00,
511,0.00e+00,6.40e-02,-4.00e+00,
512,-5.60e-02,3.20e-02,-2.00e+00,
513,-8.00e-03,7.20e-02,-6.00e+00,
514,-4.00e-02,8.00e-02,-4.00e+00,
515,0.00e+00,3.20e-02,-6.00e+00,
516,1.60e-02,7.20e-02,-4.00e+00,
517,-3.20e-02,4.00e-02,-1.00e+01,
518,8.00e-03,7.20e-02,-4.00e+00,
519,-3.20e-02,4.00e-02,-1.00e+01,
520,-2.40e-02,4.80e-02,-8.00e+00,
521,2.40e-02,8.80e-02,-1.20e+01,
522,3.20e-02,4.00e-02,-8.00e+00,
523,-1.60e-02,8.80e-02,-1.20e+01,
524,-8.00e-03,8.80e-02,-1.00e+01,
525,3.20e-02,4.00e-02,-1.40e+01,
526,0.00e+00,9.60e-02,-1.40e+01,
527,3.20e-02,4.80e-02,-1.00e+01,
528,0.00e+00,8.80e-02,-1.20e+01,
529,4.80e-02,4.00e-02,-1.60e+01,
530,0.00e+00,4.80e-02,-1.60e+01,
531,5.60e-02,9.60e-02,-1.20e+01,
532,1.60e-02,9.60e-02,-1.60e+01,
533,7.20e-02,4.80e-02,-1.40e+01,
534,6.40e-02,8.80e-02,-1.60e+01,
535,1.60e-02,4.80e-02,-1.40e+01,
536,3.20e-02,4.80e-02,-1.40e+01,
537,8.80e-02,9.60e-02,-1.80e+01,
538,6.40e-02,8.80e-02,-1.80e+01,
539,2.40e-02,4.00e-02,-1.40e+01,
540,8.00e-02,4.00e-02,-1.80e+01,
541,3.20e-02,9.60e-02,-1.80e+01,
542,4.00e-02,4.00e-02,-1.80e+01,
543,7.20e-02,8.80e-02,-1.80e+01,
544,4.00e-02,4.00e-02,-1.80e+01,
545,8.00e-02,8.00e-02,-1.80e+01,
546,4.00e-02,3.20e-02,-1.80e+01,
547,8.80e-02,8.00e-02,-1.80e+01,
548,4.00e-02,3.20e-02,-1.80e+01,
549,7.20e-02,7.20e-02,-1.80e+01,
550,8.00e-02,3.20e-02,-1.80e+01,
551,4.00e-02,7.20e-02,-1.80e+01,
552,4.00e-02,2.40e-02,-1.80e+01,
553,8.00e-02,6.40e-02,-1.80e+01,
554,4.00e-02,5.60e-02,-1.80e+01,
555,8.80e-02,1.60e-02,-1.40e+01,
556,7.20e-02,5.60e-02,-1.80e+01,
557,4.00e-02,8.00e-03,-1.40e+01,
558,3.20e-02,5.60e-02,-1.80e+01,
559,8.00e-02,0.00e+00,-1.40e+01,
560,7.20e-02,4.80e-02,-1.60e+01,
561,3.20e-02,8.00e-03,-1.40e+01,
562,7.20e-02,3.20e-02,-1.60e+01,
563,2.40e-02,-1.60e-02,-1.20e+01,
564,8.00e-02,4.00e-02,-1.20e+01,
565,2.40e-02,-8.00e-03,-1.60e+01,
566,3.20e-02,-8.00e-03,-1.40e+01,
567,6.40e-02,3.20e-02,-1.20e+01,
568,6.40e-02,2.40e-02,-1.40e+01,
569,1.60e-02,-1.60e-02,-1.00e+01,
570,1.60e-02,2.40e-02,-1.00e+01,
571,5.60e-02,-2.40e-02,-1.40e+01,
572,1.60e-02,8.00e-03,-1.20e+01,
573,5.60e-02,-2.40e-02,-8.00e+00,
574,4.80e-02,8.00e-03,-8.00e+00,
575,8.00e-03,-3.20e-02,-1.00e+01,
576,4.00e-02,8.00e-03,-1.00e+01,
577,0.00e+00,-4.00e-02,-4.00e+00,
578,4.80e-02,0.00e+00,-1.00e+01,
579,0.00e+00,-4.80e-02,-4.00e+00,
580,3.20e-02,-8.00e-03,-6.00e+00,
581,0.00e+00,-4.80e-02,-2.00e+00,
582,2.40e-02,-1.60e-02,-2.00e+00,
583,-8.00e-03,-5.60e-02,-6.00e+00,
584,4.00e-02,-1.60e-02,-4.00e+00,
585,-8.00e-03,-5.60e-02,0.00e+00,
586,2.40e-02,-2.40e-02,0.00e+00,
587,-1.60e-02,-6.40e-02,-2.00e+00,
588,-1.60e-02,-2.40e-02,-2.00e+00,
589,2.40e-02,-6.40e-02,2.00e+00,
590,-3.20e-02,-6.40e-02,0.00e+00,
591,2.40e-02,-3.20e-02,4.00e+00,
592,-3.20e-02,-8.00e-02,4.00e+00,
593,1.60e-02,-3.20e-02,0.00e+00,
594,8.00e-03,-4.00e-02,4.00e+00,
595,-3.20e-02,-8.80e-02,8.00e+00,
596,8.00e-03,-4.00e-02,8.00e+00,
597,-4.80e-02,-7.20e-02,4.00e+00,
598,8.00e-03,-4.00e-02,6.00e+00,
599,-4.00e-02,-7.20e-02,1.00e+01,
600,8.00e-03,-4.80e-02,6.00e+00,
601,-4.00e-02,-8.00e-02,1.00e+01,
602,0.00e+00,-4.80e-02,8.00e+00,
603,-4.00e-02,-8.80e-02,1.00e+01,
604,-4.80e-02,-4.80e-02,8.00e+00,
605,-8.00e-03,-8.80e-02,1.20e+01,
606,-1.60e-02,-4.00e-02,8.00e+00,
607,-4.80e-02,-8.80e-02,1.20e+01,
608,-4.80e-02,-4.80e-02,1.00e+01,
609,0.00e+00,-8.80e-02,1.20e+01,
610,-1.60e-02,-4.80e-02,1.00e+01,
611,-5.60e-02,-8.80e-02,1.40e+01,
612,-5.60e-02,-4.80e-02,1.40e+01,
613,-1.60e-02,-8.80e-02,1.00e+01,
614,-2.40e-02,-4.00e-02,1.40e+01,
615,-7.20e-02,-8.80e-02,1.20e+01,
616,-7.20e-02,-4.00e-02,1.40e+01,
617,-2.40e-02,-9.60e-02,1.20e+01,
618,-2.40e-02,-4.80e-02,1.40e+01,
619,-7.20e-02,-8.80e-02,1.20e+01,
620,-6.40e-02,-8.80e-02,1.40e+01,
621,-2.40e-02,-4.80e-02,1.20e+01,
622,-2.40e-02,-4.00e-02,1.40e+01,
623,-7.20e-02,-8.80e-02,1.20e+01,
624,-7.20e-02,-7.20e-02,1.40e+01,
625,-1.60e-02,-3.20e-02,1.20e+01,
626,-2.40e-02,-7.20e-02,1.40e+01,
627,-7.20e-02,-3.20e-02,1.20e+01,
628,-3.20e-02,-3.20e-02,1.40e+01,
629,-8.00e-02,-7.20e-02,1.20e+01,
630,-3.20e-02,-3.20e-02,1.40e+01,
631,-8.00e-02,-7.20e-02,1.00e+01,
632,-3.20e-02,-6.40e-02,1.40e+01,
633,-7.20e-02,-2.40e-02,1.00e+01,
634,-7.20e-02,-5.60e-02,1.40e+01,
635,-2.40e-02,-8.00e-03,1.00e+01,
636,-3.20e-02,-8.00e-03,1.20e+01,
637,-8.00e-02,-5.60e-02,1.00e+01,
638,-8.00e-02,-4.80e-02,1.20e+01,
639,-3.20e-02,0.00e+00,8.00e+00,
640,-3.20e-02,-4.00e-02,8.00e+00,
641,-7.20e-02,8.00e-03,1.20e+01,
642,-7.20e-02,-3.20e-02,8.00e+00,
643,-2.40e-02,8.00e-03,1.00e+01,
644,-8.00e-02,8.00e-03,1.00e+01,
645,-3.20e-02,-2.40e-02,6.00e+00,
646,-8.00e-02,1.60e-02,6.00e+00,
647,-3.20e-02,-1.60e-02,8.00e+00,
648,-7.20e-02,-8.00e-03,8.00e+00,
649,-3.20e-02,2.40e-02,2.00e+00,
650,-6.40e-02,-8.00e-03,4.00e+00,
651,-2.40e-02,3.20e-02,4.00e+00,
652,-7.20e-02,0.00e+00,4.00e+00,
653,-2.40e-02,4.00e-02,0.00e+00,
654,-1.60e-02,8.00e-03,2.00e+00,
655,-7.20e-02,4.80e-02,0.00e+00,
656,-6.40e-02,8.00e-03,2.00e+00,
657,-1.60e-02,6.40e-02,-2.00e+00,
658,-5.60e-02,5.60e-02,0.00e+00,
659,-1.60e-02,1.60e-02,-4.00e+00,
660,-1.60e-02,6.40e-02,-4.00e+00,
661,-4.80e-02,2.40e-02,0.00e+00,
662,-4.00e-02,3.20e-02,-2.00e+00,
663,0.00e+00,6.40e-02,-6.00e+00,
664,-4.00e-02,4.00e-02,-6.00e+00,
665,0.00e+00,7.20e-02,-4.00e+00,
666,0.00e+00,4.00e-02,-4.00e+00,
667,-4.00e-02,7.20e-02,-1.00e+01,
668,-3.20e-02,4.80e-02,-4.00e+00,
669,1.60e-02,8.80e-02,-1.00e+01,
670,1.60e-02,4.80e-02,-8.00e+00,
671,-3.20e-02,8.80e-02,-1.20e+01,
672,-8.00e-03,4.80e-02,-8.00e+00,
673,2.40e-02,9.60e-02,-1.20e+01,
674,-8.00e-03,8.80e-02,-1.00e+01,
675,3.20e-02,4.80e-02,-1.40e+01,
676,0.00e+00,5.60e-02,-1.40e+01,
677,3.20e-02,8.80e-02,-1.00e+01,
678,0.00e+00,8.80e-02,-1.40e+01,
679,4.80e-02,4.80e-02,-1.20e+01,
680,5.60e-02,8.80e-02,-1.20e+01,
681,8.00e-03,4.80e-02,-1.60e+01,
682,1.60e-02,8.80e-02,-1.60e+01,
683,6.40e-02,5.60e-02,-1.40e+01,
684,7.20e-02,9.60e-02,-1.60e+01,
685,1.60e-02,5.60e-02,-1.40e+01,
686,2.40e-02,4.80e-02,-1.40e+01,
687,7.20e-02,9.60e-02,-1.80e+01,
688,2.40e-02,9.60e-02,-1.80e+01,
689,7.20e-02,4.80e-02,-1.40e+01,
690,2.40e-02,4.00e-02,-1.80e+01,
691,7.20e-02,8.80e-02,-1.80e+01,
692,3.20e-02,3.20e-02,-1.80e+01,
693,8.00e-02,8.80e-02,-1.80e+01,
694,8.80e-02,8.80e-02,-1.80e+01,
695,4.00e-02,4.00e-02,-1.80e+01,
696,4.00e-02,4.00e-02,-1.80e+01,
697,9.60e-02,8.00e-02,-1.80e+01,
698,4.00e-02,7.20e-02,-1.80e+01,
699,8.00e-02,3.20e-02,-1.80e+01,
700,4.00e-02,7.20e-02,-1.80e+01,
701,8.00e-02,3.20e-02,-1.80e+01,
702,4.00e-02,6.40e-02,-1.80e+01,
703,8.00e-02,2.40e-02,-1.80e+01,
704,4.00e-02,2.40e-02,-1.80e+01,
705,8.00e-02,6.40e-02,-1.80e+01,
706,4.00e-02,5.60e-02,-1.80e+01,
707,8.00e-02,8.00e-03,-1.40e+01,
708,7.20e-02,5.60e-02,-1.80e+01,
709,3.20e-02,8.00e-03,-1.40e+01,
710,3.20e-02,4.80e-02,-1.60e+01,
711,7.20e-02,-8.00e-03,-1.40e+01,
712,7.20e-02,4.80e-02,-1.60e+01,
713,3.20e-02,0.00e+00,-1.20e+01,
714,6.40e-02,3.20e-02,-1.60e+01,
715,3.20e-02,-1.60e-02,-1.20e+01,
716,6.40e-02,-8.00e-03,-1.40e+01,
717,2.40e-02,2.40e-02,-1.20e+01,
718,6.40e-02,2.40e-02,-1.40e+01,
719,2.40e-02,-1.60e-02,-1.00e+01,
720,1.60e-02,2.40e-02,-1.40e+01,
721,5.60e-02,-1.60e-02,-1.00e+01,
722,5.60e-02,1.60e-02,-1.20e+01,
723,1.60e-02,-2.40e-02,-8.00e+00,
724,8.00e-03,8.00e-03,-1.20e+01,
725,5.60e-02,-3.20e-02,-8.00e+00,
726,8.00e-03,8.00e-03,-1.00e+01,
727,4.80e-02,-3.20e-02,-4.00e+00,
728,0.00e+00,0.00e+00,-8.00e+00,
729,4.00e-02,-4.00e-02,-4.00e+00,
730,0.00e+00,0.00e+00,-6.00e+00,
731,4.80e-02,-4.80e-02,-2.00e+00,
732,3.20e-02,-8.00e-03,-6.00e+00,
733,-1.60e-02,-5.60e-02,-2.00e+00,
734,2.40e-02,-4.80e-02,-4.00e+00,
735,-8.00e-03,-8.00e-03,0.00e+00,
736,2.40e-02,-5.60e-02,-4.00e+00,
737,-1.60e-02,-2.40e-02,0.00e+00,
738,-1.60e-02,-2.40e-02,-2.00e+00,
739,2.40e-02,-5.60e-02,2.00e+00,
740,-1.60e-02,-2.40e-02,2.00e+00,
741,1.60e-02,-6.40e-02,0.00e+00,
742,1.60e-02,-3.20e-02,0.00e+00,
743,-3.20e-02,-7.20e-02,4.00e+00,
744,8.00e-03,-3.20e-02,4.00e+00,
745,-4.00e-02,-8.00e-02,2.00e+00,
746,8.00e-03,-3.20e-02,8.00e+00,
747,-4.00e-02,-7.20e-02,4.00e+00,
748,-4.00e-02,-4.00e-02,8.00e+00,
749,0.00e+00,-7.20e-02,6.00e+00,
750,-4.00e-02,-8.80e-02,6.00e+00,
751,0.00e+00,-4.00e-02,1.00e+01,
752,-4.00e-02,-8.00e-02,1.00e+01,
753,0.00e+00,-4.80e-02,8.00e+00,
754,-1.60e-02,-4.80e-02,8.00e+00,
755,-4.80e-02,-8.00e-02,1.20e+01,
756,-1.60e-02,-8.80e-02,8.00e+00,
757,-5.60e-02,-4.80e-02,1.20e+01,
758,-5.60e-02,-4.80e-02,1.20e+01,
759,-1.60e-02,-9.60e-02,1.00e+01,
760,-5.60e-02,-8.80e-02,1.00e+01,
761,-8.00e-03,-4.80e-02,1.40e+01,
762,-5.60e-02,-4.80e-02,1.40e+01,
763,-1.60e-02,-9.60e-02,1.00e+01,
764,-2.40e-02,-4.80e-02,1.40e+01,
765,-5.60e-02,-8.00e-02,1.20e+01,
766,-2.40e-02,-4.80e-02,1.40e+01,
767,-6.40e-02,-8.80e-02,1.20e+01,
768,-2.40e-02,-4.80e-02,1.40e+01,
769,-5.60e-02,-8.80e-02,1.20e+01,
770,-6.40e-02,-8.80e-02,1.40e+01,
771,-2.40e-02,-4.00e-02,1.20e+01,
772,-3.20e-02,-4.00e-02,1.40e+01,
773,-8.00e-02,-9.60e-02,1.20e+01,
774,-2.40e-02,-7.20e-02,1.20e+01,
775,-7.20e-02,-4.00e-02,1.40e+01,
776,-3.20e-02,-7.20e-02,1.40e+01,
777,-7.20e-02,-4.00e-02,1.20e+01,
778,-3.20e-02,-7.20e-02,1.40e+01,
779,-8.00e-02,-3.20e-02,1.20e+01,
780,-2.40e-02,-3.20e-02,1.40e+01,
781,-7.20e-02,-7.20e-02,1.00e+01,
782,-7.20e-02,-6.40e-02,1.40e+01,
783,-2.40e-02,-2.40e-02,1.00e+01,
784,-3.20e-02,-5.60e-02,1.00e+01,
785,-8.00e-02,-2.40e-02,1.40e+01,
786,-4.00e-02,-5.60e-02,1.00e+01,
787,-8.00e-02,-1.60e-02,1.20e+01,
788,-8.00e-02,-8.00e-03,1.20e+01,
789,-2.40e-02,-4.80e-02,8.00e+00,
790,-7.20e-02,0.00e+00,1.20e+01,
791,-3.20e-02,-4.00e-02,8.00e+00,
792,-8.80e-02,-4.00e-02,8.00e+00,
793,-3.20e-02,8.00e-03,1.00e+01,
794,-3.20e-02,8.00e-03,1.00e+01,
795,-8.00e-02,-2.40e-02,6.00e+00,
796,-7.20e-02,-4.00e-02,6.00e+00,
797,-2.40e-02,1.60e-02,8.00e+00,
798,-7.20e-02,2.40e-02,8.00e+00,
799,-3.20e-02,-1.60e-02,4.00e+00,
800,-6.40e-02,-8.00e-03,6.00e+00,
801,-3.20e-02,4.80e-02,2.00e+00,
802,-7.20e-02,0.00e+00,4.00e+00,
803,-1.60e-02,4.80e-02,0.00e+00,
804,-5.60e-02,8.00e-03,4.00e+00,
805,-1.60e-02,5.60e-02,0.00e+00,
806,-6.40e-02,8.00e-03,2.00e+00,
807,-2.40e-02,6.40e-02,-2.00e+00,
808,-5.60e-02,5.60e-02,-2.00e+00,
809,-1.60e-02,1.60e-02,0.00e+00,
810,-6.40e-02,2.40e-02,-4.00e+00,
811,-1.60e-02,5.60e-02,0.00e+00,
812,-4.80e-02,3.20e-02,-2.00e+00,
813,0.00e+00,6.40e-02,-6.00e+00,
814,-8.00e-03,3.20e-02,-6.00e+00,
815,-4.80e-02,8.00e-02,-2.00e+00,
816,-4.00e-02,4.00e-02,-4.00e+00,
817,8.00e-03,9.60e-02,-1.00e+01,
818,-3.20e-02,7.20e-02,-4.00e+00,
819,8.00e-03,4.00e-02,-1.00e+01,
820,-2.40e-02,4.80e-02,-8.00e+00,
821,1.60e-02,8.80e-02,-1.20e+01,
822,-8.00e-03,4.80e-02,-8.00e+00,
823,3.20e-02,9.60e-02,-1.20e+01,
824,3.20e-02,4.80e-02,-1.00e+01,
825,-1.60e-02,9.60e-02,-1.20e+01,
826,4.80e-02,9.60e-02,-1.40e+01,
827,-8.00e-03,4.80e-02,-1.00e+01,
828,0.00e+00,4.80e-02,-1.40e+01,
829,4.80e-02,9.60e-02,-1.20e+01,
830,0.00e+00,9.60e-02,-1.20e+01,
831,6.40e-02,4.80e-02,-1.60e+01,
832,1.60e-02,9.60e-02,-1.60e+01,
833,6.40e-02,4.80e-02,-1.20e+01,
834,1.60e-02,9.60e-02,-1.60e+01,
835,7.20e-02,4.80e-02,-1.40e+01,
836,3.20e-02,4.80e-02,-1.40e+01,
837,6.40e-02,1.04e-01,-1.80e+01,
838,3.20e-02,9.60e-02,-1.80e+01,
839,7.20e-02,4.00e-02,-1.40e+01,
840,3.20e-02,8.80e-02,-1.80e+01,
841,7.20e-02,4.80e-02,-1.80e+01,
842,8.00e-02,8.00e-02,-1.80e+01,
843,3.20e-02,3.20e-02,-1.80e+01,
844,8.00e-02,3.20e-02,-1.80e+01,
845,4.00e-02,8.80e-02,-1.80e+01,
846,7.20e-02,4.00e-02,-1.80e+01,
847,4.00e-02,8.00e-02,-1.80e+01,
848,4.00e-02,7.20e-02,-1.80e+01,
849,8.00e-02,3.20e-02,-1.80e+01,
850,4.00e-02,7.20e-02,-1.80e+01,
851,9.60e-02,3.20e-02,-1.80e+01,
852,8.00e-02,6.40e-02,-1.80e+01,
853,4.00e-02,1.60e-02,-1.80e+01,
854,7.20e-02,5.60e-02,-1.80e+01,
855,3.20e-02,1.60e-02,-1.80e+01,
856,8.00e-02,5.60e-02,-1.80e+01,
857,4.00e-02,8.00e-03,-1.40e+01,
858,7.20e-02,5.60e-02,-1.40e+01,
859,3.20e-02,8.00e-03,-1.80e+01,
860,4.00e-02,4.80e-02,-1.60e+01,
861,8.00e-02,8.00e-03,-1.40e+01,
862,8.00e-02,4.80e-02,-1.60e+01,
863,3.20e-02,0.00e+00,-1.40e+01,
864,7.20e-02,4.00e-02,-1.60e+01,
865,3.20e-02,-8.00e-03,-1.20e+01,
866,3.20e-02,2.40e-02,-1.40e+01,
867,6.40e-02,-8.00e-03,-1.20e+01,
868,6.40e-02,-1.60e-02,-1.40e+01,
869,2.40e-02,2.40e-02,-1.00e+01,
870,6.40e-02,2.40e-02,-1.40e+01,
871,2.40e-02,-1.60e-02,-1.00e+01,
872,6.40e-02,1.60e-02,-1.00e+01,
873,1.60e-02,-2.40e-02,-1.20e+01,
874,4.80e-02,8.00e-03,-8.00e+00,
875,8.00e-03,-3.20e-02,-1.20e+01,
876,8.00e-03,0.00e+00,-1.00e+01,
877,4.80e-02,-4.00e-02,-4.00e+00,
878,4.80e-02,0.00e+00,-4.00e+00,
879,-8.00e-03,-4.80e-02,-1.00e+01,
880,0.00e+00,0.00e+00,-6.00e+00,
881,3.20e-02,-4.80e-02,-4.00e+00,
882,3.20e-02,-8.00e-03,-6.00e+00,
883,0.00e+00,-5.60e-02,-2.00e+00,
884,-8.00e-03,-5.60e-02,-4.00e+00,
885,3.20e-02,-1.60e-02,0.00e+00,
886,-8.00e-03,-5.60e-02,-4.00e+00,
887,2.40e-02,-2.40e-02,0.00e+00,
888,2.40e-02,-2.40e-02,-2.00e+00,
889,-1.60e-02,-6.40e-02,2.00e+00,
890,2.40e-02,-2.40e-02,2.00e+00,
891,-3.20e-02,-6.40e-02,0.00e+00,
892,-2.40e-02,-3.20e-02,0.00e+00,
893,1.60e-02,-6.40e-02,4.00e+00,
894,1.60e-02,-7.20e-02,4.00e+00,
895,-2.40e-02,-3.20e-02,4.00e+00,
896,8.00e-03,-7.20e-02,8.00e+00,
897,-4.00e-02,-3.20e-02,2.00e+00,
898,8.00e-03,-4.00e-02,6.00e+00,
899,-3.20e-02,-7.20e-02,8.00e+00,
900,0.00e+00,-8.00e-02,6.00e+00,
901,-4.80e-02,-4.00e-02,1.00e+01,
902,0.00e+00,-4.80e-02,1.00e+01,
903,-4.00e-02,-8.80e-02,8.00e+00,
904,-4.00e-02,-8.80e-02,8.00e+00,
905,-8.00e-03,-4.00e-02,1.20e+01,
906,-1.60e-02,-8.80e-02,8.00e+00,
907,-4.80e-02,-4.00e-02,1.20e+01,
908,-1.60e-02,-4.80e-02,1.00e+01,
909,-5.60e-02,-8.80e-02,1.20e+01,
910,-5.60e-02,-4.80e-02,1.00e+01,
911,-1.60e-02,-8.80e-02,1.40e+01,
912,-5.60e-02,-8.80e-02,1.40e+01,
913,-1.60e-02,-4.80e-02,1.00e+01,
914,-1.60e-02,-8.80e-02,1.40e+01,
915,-5.60e-02,-4.80e-02,1.00e+01,
916,-2.40e-02,-8.80e-02,1.40e+01,
917,-5.60e-02,-4.00e-02,1.20e+01,
918,-2.40e-02,-8.80e-02,1.40e+01,
919,-5.60e-02,-4.80e-02,1.20e+01,
920,-6.40e-02,-8.80e-02,1.40e+01,
921,-8.00e-03,-3.20e-02,1.20e+01,
922,-2.40e-02,-4.80e-02,1.40e+01,
923,-6.40e-02,-8.00e-02,1.20e+01,
924,-3.20e-02,-7.20e-02,1.20e+01,
925,-8.00e-02,-4.00e-02,1.40e+01,
926,-3.20e-02,-4.00e-02,1.40e+01,
927,-7.20e-02,-8.00e-02,1.20e+01,
928,-7.20e-02,-7.20e-02,1.40e+01,
929,-3.20e-02,-3.20e-02,1.20e+01,
930,-3.20e-02,-3.20e-02,1.40e+01,
931,-7.20e-02,-6.40e-02,1.20e+01,
932,-3.20e-02,-6.40e-02,1.40e+01,
933,-8.00e-02,-2.40e-02,1.00e+01,
934,-7.20e-02,-5.60e-02,1.40e+01,
935,-3.20e-02,-2.40e-02,1.00e+01,
936,-2.40e-02,-5.60e-02,1.20e+01,
937,-8.80e-02,-1.60e-02,1.00e+01,
938,-8.00e-02,-4.80e-02,1.20e+01,
939,-3.20e-02,-8.00e-03,8.00e+00,
940,-7.20e-02,-4.80e-02,8.00e+00,
941,-3.20e-02,8.00e-03,1.20e+01,
942,-8.00e-02,-5.60e-02,8.00e+00,
943,-3.20e-02,8.00e-03,1.00e+01,
944,-3.20e-02,-2.40e-02,1.00e+01,
945,-8.00e-02,8.00e-03,6.00e+00,
946,-7.20e-02,-3.20e-02,1.00e+01,
947,-3.20e-02,1.60e-02,6.00e+00,
948,-3.20e-02,-1.60e-02,8.00e+00,
949,-7.20e-02,2.40e-02,4.00e+00,
950,-7.20e-02,2.40e-02,8.00e+00,
951,-3.20e-02,-1.60e-02,4.00e+00,
952,-3.20e-02,0.00e+00,4.00e+00,
953,-7.20e-02,3.20e-02,0.00e+00,
954,-5.60e-02,8.00e-03,4.00e+00,
955,-1.60e-02,4.80e-02,0.00e+00,
956,-5.60e-02,0.00e+00,2.00e+00,
957,-1.60e-02,5.60e-02,-2.00e+00,
958,-5.60e-02,8.00e-03,0.00e+00,
959,-2.40e-02,5.60e-02,-2.00e+00,
960,-6.40e-02,5.60e-02,0.00e+00,
961,-1.60e-02,1.60e-02,-4.00e+00,
962,8.00e-03,6.40e-02,-4.00e+00,
963,-5.60e-02,3.20e-02,-2.00e+00,
964,-4.00e-02,3.20e-02,-2.00e+00,
965,0.00e+00,7.20e-02,-6.00e+00,
966,-4.00e-02,7.20e-02,-4.00e+00,
967,8.00e-03,2.40e-02,-8.00e+00,
968,-3.20e-02,7.20e-02,-6.00e+00,
969,8.00e-03,4.00e-02,-1.00e+01,
970,-3.20e-02,8.00e-02,-8.00e+00,
971,8.00e-03,4.80e-02,-1.20e+01,
972,-2.40e-02,4.80e-02,-1.20e+01,
973,2.40e-02,8.00e-02,-8.00e+00,
974,-8.00e-03,4.80e-02,-1.00e+01,
975,3.20e-02,9.60e-02,-1.40e+01,
976,3.20e-02,4.80e-02,-1.00e+01,
977,-8.00e-03,8.80e-02,-1.40e+01,
978,0.00e+00,4.80e-02,-1.40e+01,
979,4.80e-02,9.60e-02,-1.20e+01,
980,-8.00e-03,4.80e-02,-1.20e+01,
981,4.80e-02,9.60e-02,-1.60e+01,
982,0.00e+00,9.60e-02,-1.20e+01,
983,5.60e-02,4.80e-02,-1.60e+01,
984,1.60e-02,4.80e-02,-1.60e+01,
985,5.60e-02,1.04e-01,-1.40e+01,
986,2.40e-02,8.80e-02,-1.40e+01,
987,6.40e-02,3.20e-02,-1.80e+01,
988,7.20e-02,4.80e-02,-1.80e+01,
989,2.40e-02,8.00e-02,-1.40e+01,
990,7.20e-02,9.60e-02,-1.80e+01,
991,3.20e-02,4.80e-02,-1.40e+01,
992,7.20e-02,8.80e-02,-1.80e+01,
993,3.20e-02,4.00e-02,-1.80e+01,
994,4.00e-02,8.00e-02,-1.80e+01,
995,8.00e-02,4.00e-02,-1.80e+01,
996,4.00e-02,7.20e-02,-1.80e+01,
997,8.00e-02,3.20e-02,-1.80e+01,
998,4.00e-02,8.00e-02,-1.80e+01,
999,8.00e-02,3.20e-02,-1.80e+01,
1000,8.00e-02,7.20e-02,-1.80e+01,
1001,4.00e-02,3.20e-02,-1.80e+01,
1002,4.00e-02,6.40e-02,-1.80e+01,
1003,8.00e-02,3.20e-02,-1.80e+01,
1004,8.80e-02,7.20e-02,-1.80e+01,
1005,4.00e-02,1.60e-02,-1.80e+01,
1006,7.20e-02,6.40e-02,-1.80e+01,
1007,4.00e-02,1.60e-02,-1.40e+01,
1008,7.20e-02,5.60e-02,-1.40e+01,
1009,4.00e-02,8.00e-03,-1.80e+01,
1010,3.20e-02,5.60e-02,-1.60e+01,
1011,8.80e-02,0.00e+00,-1.40e+01,
1012,3.20e-02,4.00e-02,-1.60e+01,
1013,7.20e-02,-8.00e-03,-1.40e+01,
1014,8.00e-02,0.00e+00,-1.60e+01,
1015,3.20e-02,4.00e-02,-1.20e+01,
1016,3.20e-02,3.20e-02,-1.60e+01,
1017,6.40e-02,-1.60e-02,-1.20e+01,
1018,3.20e-02,-8.00e-03,-1.40e+01,
1019,6.40e-02,2.40e-02,-1.00e+01,
1020,5.60e-02,1.60e-02,-1.40e+01,
1021,1.60e-02,-1.60e-02,-1.00e+01,
1022,6.40e-02,1.60e-02,-1.00e+01,
1023,8.00e-03,-3.20e-02,-1.20e+01,
1024,1.60e-02,8.00e-03,-8.00e+00,
1025,5.60e-02,-3.20e-02,-1.20e+01,
1026,4.80e-02,8.00e-03,-1.00e+01,
1027,8.00e-03,-4.80e-02,-6.00e+00,
1028,8.00e-03,0.00e+00,-1.00e+01,
1029,4.00e-02,-4.00e-02,-4.00e+00,
1030,-8.00e-03,-5.60e-02,-6.00e+00,
1031,4.00e-02,0.00e+00,-2.00e+00,
1032,3.20e-02,-4.80e-02,-2.00e+00,
1033,-8.00e-03,-8.00e-03,-6.00e+00,
1034,-8.00e-03,-5.60e-02,-4.00e+00,
1035,3.20e-02,-1.60e-02,0.00e+00,
1036,2.40e-02,-2.40e-02,-4.00e+00,
1037,-1.60e-02,-5.60e-02,0.00e+00,
1038,2.40e-02,-5.60e-02,-2.00e+00,
1039,-8.00e-03,-2.40e-02,2.00e+00,
1040,1.60e-02,-7.20e-02,-2.00e+00,
1041,-2.40e-02,-2.40e-02,2.00e+00,
1042,1.60e-02,-3.20e-02,0.00e+00,
1043,-2.40e-02,-7.20e-02,4.00e+00,
1044,8.00e-03,-8.00e-02,4.00e+00,
1045,-3.20e-02,-2.40e-02,2.00e+00,
1046,1.60e-02,-7.20e-02,2.00e+00,
1047,-3.20e-02,-4.00e-02,8.00e+00,
1048,8.00e-03,-4.00e-02,6.00e+00,
1049,-4.00e-02,-8.80e-02,8.00e+00,
1050,8.00e-03,-8.00e-02,6.00e+00,
1051,-4.80e-02,-4.00e-02,1.00e+01,
1052,8.00e-03,-4.00e-02,1.00e+01,
1053,-4.00e-02,-8.80e-02,6.00e+00,
1054,-4.80e-02,-4.80e-02,8.00e+00,
1055,0.00e+00,-8.80e-02,1.00e+01,
1056,-4.80e-02,-4.80e-02,1.20e+01,
1057,-8.00e-03,-8.80e-02,8.00e+00,
1058,-1.60e-02,-8.80e-02,1.00e+01,
1059,-5.60e-02,-4.80e-02,1.20e+01,
1060,-4.80e-02,-4.00e-02,1.00e+01,
1061,-1.60e-02,-8.80e-02,1.20e+01,
1062,-7.20e-02,-4.80e-02,1.00e+01,
1063,-1.60e-02,-8.80e-02,1.40e+01,
1064,-5.60e-02,-4.80e-02,1.00e+01,
1065,-1.60e-02,-8.80e-02,1.40e+01,
1066,-5.60e-02,-4.80e-02,1.40e+01,
1067,-1.60e-02,-8.80e-02,1.20e+01,
1068,-2.40e-02,-4.80e-02,1.40e+01,
1069,-6.40e-02,-8.80e-02,1.20e+01,
1070,-2.40e-02,-8.80e-02,1.40e+01,
1071,-8.00e-02,-4.00e-02,1.20e+01,
1072,-3.20e-02,-4.00e-02,1.40e+01,
1073,-6.40e-02,-8.00e-02,1.20e+01,
1074,-7.20e-02,-7.20e-02,1.20e+01,
1075,-2.40e-02,-3.20e-02,1.40e+01,
1076,-6.40e-02,-7.20e-02,1.40e+01,
1077,-3.20e-02,-3.20e-02,1.20e+01,
1078,-3.20e-02,-7.20e-02,1.40e+01,
1079,-8.00e-02,-3.20e-02,1.20e+01,
1080,-3.20e-02,-3.20e-02,1.40e+01,
1081,-8.80e-02,-7.20e-02,1.20e+01,
1082,-3.20e-02,-6.40e-02,1.40e+01,
1083,-7.20e-02,-2.40e-02,1.00e+01,
1084,-7.20e-02,-5.60e-02,1.00e+01,
1085,-3.20e-02,-8.00e-03,1.40e+01,
1086,-7.20e-02,-5.60e-02,1.20e+01,
1087,-3.20e-02,-8.00e-03,1.00e+01,
1088,-3.20e-02,-4.80e-02,1.00e+01,
1089,-8.00e-02,-8.00e-03,1.20e+01,
1090,-8.00e-02,0.00e+00,8.00e+00,
1091,-3.20e-02,-5.60e-02,1.20e+01,
1092,-3.20e-02,-3.20e-02,1.00e+01,
1093,-8.00e-02,8.00e-03,8.00e+00,
1094,-7.20e-02,-2.40e-02,1.00e+01,
1095,-3.20e-02,8.00e-03,6.00e+00,
1096,-7.20e-02,1.60e-02,1.00e+01,
1097,-3.20e-02,-2.40e-02,6.00e+00,
1098,-3.20e-02,-1.60e-02,8.00e+00,
1099,-7.20e-02,2.40e-02,4.00e+00,
1100,-3.20e-02,-8.00e-03,4.00e+00,
1101,-7.20e-02,3.20e-02,8.00e+00,
1102,-7.20e-02,-1.60e-02,4.00e+00,
1103,-2.40e-02,4.00e-02,2.00e+00,
1104,-2.40e-02,0.00e+00,0.00e+00,
1105,-6.40e-02,4.80e-02,4.00e+00,
1106,-5.60e-02,8.00e-03,2.00e+00,
1107,-2.40e-02,5.60e-02,-2.00e+00,
1108,-5.60e-02,1.60e-02,2.00e+00,
1109,-1.60e-02,5.60e-02,-2.00e+00,
1110,-1.60e-02,6.40e-02,0.00e+00,
1111,-5.60e-02,2.40e-02,-4.00e+00,
1112,-4.80e-02,3.20e-02,-2.00e+00,
1113,0.00e+00,6.40e-02,-4.00e+00,
1114,-4.80e-02,3.20e-02,-2.00e+00,
1115,0.00e+00,7.20e-02,-6.00e+00,
1116,0.00e+00,4.00e-02,-6.00e+00,
1117,-4.00e-02,7.20e-02,-4.00e+00,
1118,-4.00e-02,4.00e-02,-1.00e+01,
1119,8.00e-03,8.00e-02,-4.00e+00,
1120,8.00e-03,4.00e-02,-8.00e+00,
1121,-3.20e-02,8.80e-02,-1.00e+01,
1122,1.60e-02,4.80e-02,-8.00e+00,
1123,-2.40e-02,8.80e-02,-1.20e+01,
1124,-8.00e-03,8.80e-02,-1.00e+01,
1125,3.20e-02,4.80e-02,-1.20e+01,
1126,4.00e-02,4.80e-02,-1.00e+01,
1127,-1.60e-02,9.60e-02,-1.40e+01,
1128,0.00e+00,4.80e-02,-1.40e+01,
1129,4.80e-02,9.60e-02,-1.20e+01,
1130,4.80e-02,9.60e-02,-1.20e+01,
1131,0.00e+00,4.80e-02,-1.60e+01,
1132,5.60e-02,8.80e-02,-1.20e+01,
1133,0.00e+00,4.80e-02,-1.60e+01,
1134,1.60e-02,9.60e-02,-1.60e+01,
1135,7.20e-02,4.80e-02,-1.40e+01,
1136,1.60e-02,4.80e-02,-1.40e+01,
1137,6.40e-02,9.60e-02,-1.80e+01,
1138,6.40e-02,8.80e-02,-1.80e+01,
1139,3.20e-02,4.80e-02,-1.40e+01,
1140,3.20e-02,4.80e-02,-1.80e+01,
1141,7.20e-02,8.80e-02,-1.40e+01,
1142,4.00e-02,4.80e-02,-1.80e+01,
1143,8.00e-02,9.60e-02,-1.80e+01,
1144,4.00e-02,8.00e-02,-1.80e+01,
1145,8.00e-02,4.00e-02,-1.80e+01,
1146,4.00e-02,8.00e-02,-1.80e+01,
1147,8.00e-02,3.20e-02,-1.80e+01,
1148,4.00e-02,4.00e-02,-1.80e+01,
1149,8.00e-02,7.20e-02,-1.80e+01,
1150,4.00e-02,7.20e-02,-1.80e+01,
1151,8.00e-02,3.20e-02,-1.80e+01,
1152,4.00e-02,3.20e-02,-1.80e+01,
1153,8.00e-02,6.40e-02,-1.80e+01,
1154,3.20e-02,6.40e-02,-1.80e+01,
1155,8.00e-02,8.00e-03,-1.80e+01,
1156,4.00e-02,5.60e-02,-1.80e+01,
1157,8.00e-02,1.60e-02,-1.40e+01,
1158,7.20e-02,5.60e-02,-1.40e+01,
1159,3.20e-02,0.00e+00,-1.80e+01,
1160,3.20e-02,0.00e+00,-1.60e+01,
1161,8.80e-02,4.80e-02,-1.40e+01,
1162,7.20e-02,4.80e-02,-1.60e+01,
1163,3.20e-02,-8.00e-03,-1.40e+01,
1164,7.20e-02,4.00e-02,-1.60e+01,
1165,3.20e-02,0.00e+00,-1.20e+01,
1166,6.40e-02,2.40e-02,-1.60e+01,
1167,1.60e-02,-8.00e-03,-1.20e+01,
1168,2.40e-02,2.40e-02,-1.20e+01,
1169,6.40e-02,-1.60e-02,-1.40e+01,
1170,5.60e-02,-1.60e-02,-1.40e+01,
1171,1.60e-02,2.40e-02,-1.00e+01,
1172,6.40e-02,1.60e-02,-1.00e+01,
1173,1.60e-02,-2.40e-02,-1.20e+01,
1174,5.60e-02,8.00e-03,-1.20e+01,
1175,8.00e-03,-3.20e-02,-8.00e+00,
1176,8.00e-03,8.00e-03,-8.00e+00,
1177,5.60e-02,-4.00e-02,-1.00e+01,
1178,4.80e-02,-8.00e-03,-4.00e+00,
1179,0.00e+00,-4.80e-02,-1.00e+01,
1180,0.00e+00,-8.00e-03,-6.00e+00,
1181,5.60e-02,-4.80e-02,-4.00e+00,
1182,3.20e-02,-8.00e-03,-6.00e+00,
1183,-8.00e-03,-5.60e-02,-2.00e+00,
1184,2.40e-02,-4.80e-02,-4.00e+00,
1185,-8.00e-03,-1.60e-02,0.00e+00,
1186,2.40e-02,-2.40e-02,0.00e+00,
1187,-1.60e-02,-5.60e-02,-4.00e+00,
1188,2.40e-02,-2.40e-02,-2.00e+00,
1189,-1.60e-02,-6.40e-02,2.00e+00,
1190,-1.60e-02,-2.40e-02,-2.00e+00,
1191,2.40e-02,-7.20e-02,2.00e+00,
1192,1.60e-02,-6.40e-02,0.00e+00,
1193,-3.20e-02,-3.20e-02,4.00e+00,
1194,1.60e-02,-3.20e-02,4.00e+00,
1195,-3.20e-02,-7.20e-02,2.00e+00,
1196,8.00e-03,-4.00e-02,8.00e+00,
1197,-4.00e-02,-7.20e-02,2.00e+00,
1198,8.00e-03,-7.20e-02,4.00e+00,
1199,-3.20e-02,-4.00e-02,8.00e+00,
